{
  "version": "1.0.0",
  "platformVersion": "15.7.0",
  "authentication": {
    "type": "custom",
    "fields": [
      {
        "key": "apiKey",
        "label": "API Key",
        "required": true,
        "type": "password",
        "helpText": "1. Go to [console.pixelbin.io](https://console.pixelbin.io/choose-org?redirectTo=settings/apps) and create a free account (you will need to confirm your email).\n2. After that, you can find your API token [here](https://console.pixelbin.io/choose-org?redirectTo=settings/apps)."
      }
    ],
    "test": "$func$2$f$",
    "connectionLabel": "{{json.app.name}} ({{json.org.name}})"
  },
  "beforeRequest": [
    "$func$3$f$"
  ],
  "afterResponse": [
    "$func$3$f$"
  ],
  "resources": {},
  "triggers": {
    "asset": {
      "key": "asset",
      "noun": "Asset",
      "display": {
        "label": "Storage Monitor",
        "description": "Triggers whenever an image is uploaded or deleted, or a new folder is created in PixelBin.io."
      },
      "operation": {
        "inputFields": [
          {
            "key": "webhookName",
            "label": "Webhook Name",
            "required": true,
            "type": "string",
            "helpText": "Provide name for the new webhook to be created (while testing this trigger, new webhook will be created in PixelBin.io)."
          },
          {
            "key": "secret",
            "required": false,
            "type": "string",
            "helpText": "Provide the secret key for a webhook to be created."
          },
          {
            "key": "fileUpload",
            "required": true,
            "type": "boolean",
            "label": "Image Upload",
            "helpText": "triggers when image is uploaded in PixelBin.io"
          },
          {
            "key": "fileDelete",
            "required": true,
            "type": "boolean",
            "label": "Image Delete",
            "helpText": "triggers when image is deleted from PixelBin.io"
          },
          {
            "key": "folderCreate",
            "required": true,
            "type": "boolean",
            "label": "Folder Create",
            "helpText": "triggers when image is deleted from PixelBin.io"
          }
        ],
        "type": "hook",
        "performSubscribe": "$func$2$f$",
        "performUnsubscribe": "$func$2$f$",
        "perform": "$func$2$f$"
      }
    },
    "createFile": {
      "key": "createFile",
      "noun": "CreateFile",
      "display": {
        "label": "Create File",
        "description": "Triggers whenever an image is uploaded to PixelBin.io ."
      },
      "operation": {
        "inputFields": [
          {
            "key": "webhookName",
            "label": "Webhook Name",
            "required": true,
            "type": "string",
            "helpText": "Provide name for the new webhook to be created (while testing this trigger, new webhook will be created in PixelBin.io)."
          },
          {
            "key": "secret",
            "type": "password",
            "required": false,
            "helpText": "Provide the secret key for a webhook to be created."
          }
        ],
        "type": "hook",
        "performSubscribe": "$func$2$f$",
        "performUnsubscribe": "$func$2$f$",
        "perform": "$func$2$f$"
      }
    },
    "deleteFile": {
      "key": "deleteFile",
      "noun": "DeleteFile",
      "display": {
        "label": "Delete File",
        "description": "Triggers whenever a file is deleted from PixelBin.io"
      },
      "operation": {
        "inputFields": [
          {
            "key": "webhookName",
            "label": "Webhook Name",
            "required": true,
            "type": "string",
            "helpText": "Provide name for the new webhook to be created (while testing this trigger, new webhook will be created in PixelBin.io)."
          },
          {
            "key": "secret",
            "type": "password",
            "required": false,
            "helpText": "Provide the secret key for a webhook to be created."
          }
        ],
        "type": "hook",
        "performSubscribe": "$func$2$f$",
        "performUnsubscribe": "$func$2$f$",
        "perform": "$func$2$f$"
      }
    },
    "createFolder": {
      "key": "createFolder",
      "noun": "CreateFolder",
      "display": {
        "label": "Create Folder",
        "description": "Triggers whenever a new folder is created in PixelBin.io."
      },
      "operation": {
        "inputFields": [
          {
            "key": "webhookName",
            "label": "Webhook Name",
            "required": true,
            "type": "string",
            "helpText": "Provide name for the new webhook to be created (while testing this trigger, new webhook will be created in PixelBin.io)."
          },
          {
            "label": "Webhook Secret",
            "key": "secret",
            "type": "password",
            "required": false,
            "helpText": "Provide the secret key for a webhook to be created."
          }
        ],
        "type": "hook",
        "performSubscribe": "$func$2$f$",
        "performUnsubscribe": "$func$2$f$",
        "perform": "$func$2$f$"
      }
    }
  },
  "searches": {},
  "creates": {
    "createReport": {
      "key": "createReport",
      "noun": "createReport",
      "display": {
        "label": "Create Usage Report",
        "description": "Generates your PixelBin.io's storage report"
      },
      "operation": {
        "inputFields": [],
        "perform": "$func$2$f$",
        "sample": {
          "id": 1,
          "url": "https://api.github.com/repos/octocat/Hello-World/issues/1347",
          "repository_url": "https://api.github.com/repos/octocat/Hello-World",
          "labels_url": "https://api.github.com/repos/octocat/Hello-World/issues/1347/labels{/name}",
          "comments_url": "https://api.github.com/repos/octocat/Hello-World/issues/1347/comments",
          "events_url": "https://api.github.com/repos/octocat/Hello-World/issues/1347/events",
          "html_url": "https://github.com/octocat/Hello-World/issues/1347",
          "number": 1347,
          "state": "open",
          "title": "Found a bug",
          "body": "I'm having a problem with this.",
          "user": {
            "login": "octocat",
            "id": 1,
            "avatar_url": "https://github.com/images/error/octocat_happy.gif",
            "gravatar_id": "",
            "url": "https://api.github.com/users/octocat",
            "html_url": "https://github.com/octocat",
            "followers_url": "https://api.github.com/users/octocat/followers",
            "following_url": "https://api.github.com/users/octocat/following{/other_user}",
            "gists_url": "https://api.github.com/users/octocat/gists{/gist_id}",
            "starred_url": "https://api.github.com/users/octocat/starred{/owner}{/repo}",
            "subscriptions_url": "https://api.github.com/users/octocat/subscriptions",
            "organizations_url": "https://api.github.com/users/octocat/orgs",
            "repos_url": "https://api.github.com/users/octocat/repos",
            "events_url": "https://api.github.com/users/octocat/events{/privacy}",
            "received_events_url": "https://api.github.com/users/octocat/received_events",
            "type": "User",
            "site_admin": false
          },
          "labels": [
            {
              "id": 208045946,
              "url": "https://api.github.com/repos/octocat/Hello-World/labels/bug",
              "name": "bug",
              "color": "f29513",
              "default": true
            }
          ],
          "assignee": {
            "login": "octocat",
            "id": 1,
            "avatar_url": "https://github.com/images/error/octocat_happy.gif",
            "gravatar_id": "",
            "url": "https://api.github.com/users/octocat",
            "html_url": "https://github.com/octocat",
            "followers_url": "https://api.github.com/users/octocat/followers",
            "following_url": "https://api.github.com/users/octocat/following{/other_user}",
            "gists_url": "https://api.github.com/users/octocat/gists{/gist_id}",
            "starred_url": "https://api.github.com/users/octocat/starred{/owner}{/repo}",
            "subscriptions_url": "https://api.github.com/users/octocat/subscriptions",
            "organizations_url": "https://api.github.com/users/octocat/orgs",
            "repos_url": "https://api.github.com/users/octocat/repos",
            "events_url": "https://api.github.com/users/octocat/events{/privacy}",
            "received_events_url": "https://api.github.com/users/octocat/received_events",
            "type": "User",
            "site_admin": false
          },
          "assignees": [
            {
              "login": "octocat",
              "id": 1,
              "avatar_url": "https://github.com/images/error/octocat_happy.gif",
              "gravatar_id": "",
              "url": "https://api.github.com/users/octocat",
              "html_url": "https://github.com/octocat",
              "followers_url": "https://api.github.com/users/octocat/followers",
              "following_url": "https://api.github.com/users/octocat/following{/other_user}",
              "gists_url": "https://api.github.com/users/octocat/gists{/gist_id}",
              "starred_url": "https://api.github.com/users/octocat/starred{/owner}{/repo}",
              "subscriptions_url": "https://api.github.com/users/octocat/subscriptions",
              "organizations_url": "https://api.github.com/users/octocat/orgs",
              "repos_url": "https://api.github.com/users/octocat/repos",
              "events_url": "https://api.github.com/users/octocat/events{/privacy}",
              "received_events_url": "https://api.github.com/users/octocat/received_events",
              "type": "User",
              "site_admin": false
            }
          ],
          "milestone": {
            "url": "https://api.github.com/repos/octocat/Hello-World/milestones/1",
            "html_url": "https://github.com/octocat/Hello-World/milestones/v1.0",
            "labels_url": "https://api.github.com/repos/octocat/Hello-World/milestones/1/labels",
            "id": 1002604,
            "number": 1,
            "state": "open",
            "title": "v1.0",
            "description": "Tracking milestone for version 1.0",
            "creator": {
              "login": "octocat",
              "id": 1,
              "avatar_url": "https://github.com/images/error/octocat_happy.gif",
              "gravatar_id": "",
              "url": "https://api.github.com/users/octocat",
              "html_url": "https://github.com/octocat",
              "followers_url": "https://api.github.com/users/octocat/followers",
              "following_url": "https://api.github.com/users/octocat/following{/other_user}",
              "gists_url": "https://api.github.com/users/octocat/gists{/gist_id}",
              "starred_url": "https://api.github.com/users/octocat/starred{/owner}{/repo}",
              "subscriptions_url": "https://api.github.com/users/octocat/subscriptions",
              "organizations_url": "https://api.github.com/users/octocat/orgs",
              "repos_url": "https://api.github.com/users/octocat/repos",
              "events_url": "https://api.github.com/users/octocat/events{/privacy}",
              "received_events_url": "https://api.github.com/users/octocat/received_events",
              "type": "User",
              "site_admin": false
            },
            "open_issues": 4,
            "closed_issues": 8,
            "created_at": "2011-04-10T20:09:31Z",
            "updated_at": "2014-03-03T18:58:10Z",
            "closed_at": "2013-02-12T13:22:01Z",
            "due_on": "2012-10-09T23:39:01Z"
          },
          "locked": false,
          "comments": 0,
          "pull_request": {
            "url": "https://api.github.com/repos/octocat/Hello-World/pulls/1347",
            "html_url": "https://github.com/octocat/Hello-World/pull/1347",
            "diff_url": "https://github.com/octocat/Hello-World/pull/1347.diff",
            "patch_url": "https://github.com/octocat/Hello-World/pull/1347.patch"
          },
          "closed_at": null,
          "created_at": "2011-04-22T13:33:48Z",
          "updated_at": "2011-04-22T13:33:48Z",
          "closed_by": {
            "login": "octocat",
            "id": 1,
            "avatar_url": "https://github.com/images/error/octocat_happy.gif",
            "gravatar_id": "",
            "url": "https://api.github.com/users/octocat",
            "html_url": "https://github.com/octocat",
            "followers_url": "https://api.github.com/users/octocat/followers",
            "following_url": "https://api.github.com/users/octocat/following{/other_user}",
            "gists_url": "https://api.github.com/users/octocat/gists{/gist_id}",
            "starred_url": "https://api.github.com/users/octocat/starred{/owner}{/repo}",
            "subscriptions_url": "https://api.github.com/users/octocat/subscriptions",
            "organizations_url": "https://api.github.com/users/octocat/orgs",
            "repos_url": "https://api.github.com/users/octocat/repos",
            "events_url": "https://api.github.com/users/octocat/events{/privacy}",
            "received_events_url": "https://api.github.com/users/octocat/received_events",
            "type": "User",
            "site_admin": false
          }
        }
      }
    },
    "transform": {
      "key": "transform",
      "noun": "transform",
      "display": {
        "label": "Transform Resource",
        "description": "Creates a PixeBin.io URL of the transformed resource."
      },
      "operation": {
        "perform": "$func$2$f$",
        "inputFields": [
          {
            "key": "url",
            "required": true,
            "type": "string",
            "helpText": "URL of the image to upload."
          },
          {
            "key": "transformationString",
            "label": "Tranformation String",
            "required": true,
            "type": "string",
            "helpText": "Transformations to be applied as per given string e.g t.resize(w:128,h:128)\n.You can visit [Here](https://www.pixelbin.io/docs/transformations/) to see all available options for transformations. "
          },
          {
            "key": "tags",
            "required": false,
            "type": "string",
            "list": true,
            "helpText": "Tags associated with the image."
          }
        ],
        "sample": {
          "id": 1,
          "url": "https://api.github.com/repos/octocat/Hello-World/issues/1347",
          "repository_url": "https://api.github.com/repos/octocat/Hello-World",
          "labels_url": "https://api.github.com/repos/octocat/Hello-World/issues/1347/labels{/name}",
          "comments_url": "https://api.github.com/repos/octocat/Hello-World/issues/1347/comments",
          "events_url": "https://api.github.com/repos/octocat/Hello-World/issues/1347/events",
          "html_url": "https://github.com/octocat/Hello-World/issues/1347",
          "number": 1347,
          "state": "open",
          "title": "Found a bug",
          "body": "I'm having a problem with this.",
          "user": {
            "login": "octocat",
            "id": 1,
            "avatar_url": "https://github.com/images/error/octocat_happy.gif",
            "gravatar_id": "",
            "url": "https://api.github.com/users/octocat",
            "html_url": "https://github.com/octocat",
            "followers_url": "https://api.github.com/users/octocat/followers",
            "following_url": "https://api.github.com/users/octocat/following{/other_user}",
            "gists_url": "https://api.github.com/users/octocat/gists{/gist_id}",
            "starred_url": "https://api.github.com/users/octocat/starred{/owner}{/repo}",
            "subscriptions_url": "https://api.github.com/users/octocat/subscriptions",
            "organizations_url": "https://api.github.com/users/octocat/orgs",
            "repos_url": "https://api.github.com/users/octocat/repos",
            "events_url": "https://api.github.com/users/octocat/events{/privacy}",
            "received_events_url": "https://api.github.com/users/octocat/received_events",
            "type": "User",
            "site_admin": false
          },
          "labels": [
            {
              "id": 208045946,
              "url": "https://api.github.com/repos/octocat/Hello-World/labels/bug",
              "name": "bug",
              "color": "f29513",
              "default": true
            }
          ],
          "assignee": {
            "login": "octocat",
            "id": 1,
            "avatar_url": "https://github.com/images/error/octocat_happy.gif",
            "gravatar_id": "",
            "url": "https://api.github.com/users/octocat",
            "html_url": "https://github.com/octocat",
            "followers_url": "https://api.github.com/users/octocat/followers",
            "following_url": "https://api.github.com/users/octocat/following{/other_user}",
            "gists_url": "https://api.github.com/users/octocat/gists{/gist_id}",
            "starred_url": "https://api.github.com/users/octocat/starred{/owner}{/repo}",
            "subscriptions_url": "https://api.github.com/users/octocat/subscriptions",
            "organizations_url": "https://api.github.com/users/octocat/orgs",
            "repos_url": "https://api.github.com/users/octocat/repos",
            "events_url": "https://api.github.com/users/octocat/events{/privacy}",
            "received_events_url": "https://api.github.com/users/octocat/received_events",
            "type": "User",
            "site_admin": false
          },
          "assignees": [
            {
              "login": "octocat",
              "id": 1,
              "avatar_url": "https://github.com/images/error/octocat_happy.gif",
              "gravatar_id": "",
              "url": "https://api.github.com/users/octocat",
              "html_url": "https://github.com/octocat",
              "followers_url": "https://api.github.com/users/octocat/followers",
              "following_url": "https://api.github.com/users/octocat/following{/other_user}",
              "gists_url": "https://api.github.com/users/octocat/gists{/gist_id}",
              "starred_url": "https://api.github.com/users/octocat/starred{/owner}{/repo}",
              "subscriptions_url": "https://api.github.com/users/octocat/subscriptions",
              "organizations_url": "https://api.github.com/users/octocat/orgs",
              "repos_url": "https://api.github.com/users/octocat/repos",
              "events_url": "https://api.github.com/users/octocat/events{/privacy}",
              "received_events_url": "https://api.github.com/users/octocat/received_events",
              "type": "User",
              "site_admin": false
            }
          ],
          "milestone": {
            "url": "https://api.github.com/repos/octocat/Hello-World/milestones/1",
            "html_url": "https://github.com/octocat/Hello-World/milestones/v1.0",
            "labels_url": "https://api.github.com/repos/octocat/Hello-World/milestones/1/labels",
            "id": 1002604,
            "number": 1,
            "state": "open",
            "title": "v1.0",
            "description": "Tracking milestone for version 1.0",
            "creator": {
              "login": "octocat",
              "id": 1,
              "avatar_url": "https://github.com/images/error/octocat_happy.gif",
              "gravatar_id": "",
              "url": "https://api.github.com/users/octocat",
              "html_url": "https://github.com/octocat",
              "followers_url": "https://api.github.com/users/octocat/followers",
              "following_url": "https://api.github.com/users/octocat/following{/other_user}",
              "gists_url": "https://api.github.com/users/octocat/gists{/gist_id}",
              "starred_url": "https://api.github.com/users/octocat/starred{/owner}{/repo}",
              "subscriptions_url": "https://api.github.com/users/octocat/subscriptions",
              "organizations_url": "https://api.github.com/users/octocat/orgs",
              "repos_url": "https://api.github.com/users/octocat/repos",
              "events_url": "https://api.github.com/users/octocat/events{/privacy}",
              "received_events_url": "https://api.github.com/users/octocat/received_events",
              "type": "User",
              "site_admin": false
            },
            "open_issues": 4,
            "closed_issues": 8,
            "created_at": "2011-04-10T20:09:31Z",
            "updated_at": "2014-03-03T18:58:10Z",
            "closed_at": "2013-02-12T13:22:01Z",
            "due_on": "2012-10-09T23:39:01Z"
          },
          "locked": false,
          "comments": 0,
          "pull_request": {
            "url": "https://api.github.com/repos/octocat/Hello-World/pulls/1347",
            "html_url": "https://github.com/octocat/Hello-World/pull/1347",
            "diff_url": "https://github.com/octocat/Hello-World/pull/1347.diff",
            "patch_url": "https://github.com/octocat/Hello-World/pull/1347.patch"
          },
          "closed_at": null,
          "created_at": "2011-04-22T13:33:48Z",
          "updated_at": "2011-04-22T13:33:48Z",
          "closed_by": {
            "login": "octocat",
            "id": 1,
            "avatar_url": "https://github.com/images/error/octocat_happy.gif",
            "gravatar_id": "",
            "url": "https://api.github.com/users/octocat",
            "html_url": "https://github.com/octocat",
            "followers_url": "https://api.github.com/users/octocat/followers",
            "following_url": "https://api.github.com/users/octocat/following{/other_user}",
            "gists_url": "https://api.github.com/users/octocat/gists{/gist_id}",
            "starred_url": "https://api.github.com/users/octocat/starred{/owner}{/repo}",
            "subscriptions_url": "https://api.github.com/users/octocat/subscriptions",
            "organizations_url": "https://api.github.com/users/octocat/orgs",
            "repos_url": "https://api.github.com/users/octocat/repos",
            "events_url": "https://api.github.com/users/octocat/events{/privacy}",
            "received_events_url": "https://api.github.com/users/octocat/received_events",
            "type": "User",
            "site_admin": false
          }
        }
      }
    },
    "uploadFile": {
      "key": "uploadFile",
      "noun": "File",
      "display": {
        "label": "Upload File to Pixelbin",
        "description": "Uploads a file to `__zapier_Uploads` in Pixelbin.io."
      },
      "operation": {
        "perform": "$func$2$f$",
        "inputFields": [
          {
            "key": "url",
            "type": "string",
            "helpText": "URL of an image to upload."
          },
          {
            "key": "filename",
            "required": false,
            "type": "string",
            "helpText": "Name of the file to be uploaded. If not provided, default name will be used."
          },
          {
            "key": "tags",
            "required": false,
            "type": "string",
            "list": true,
            "helpText": "Tags associated with the image."
          },
          {
            "key": "overwrite",
            "required": false,
            "type": "boolean",
            "helpText": "Whether to overwrite the file if it already exists."
          },
          {
            "key": "filenameOverride",
            "label": "Override FileName",
            "required": false,
            "type": "boolean",
            "helpText": "Whether to override the filename if it already exists."
          }
        ],
        "sample": {
          "id": "1",
          "url": "https://example.com/image.png",
          "path": "/path/to/image",
          "tags": [
            "tag1",
            "tag2"
          ]
        }
      }
    }
  },
  "searchOrCreates": {}
}